t,label,ee_x_mm,ee_y_mm,ee_z_mm,displacement_mm,stability_elapsed_sec,marker_0_x,marker_0_y,marker_0_z,marker_0_stable,marker_1_x,marker_1_y,marker_1_z,marker_1_stable,marker_2_x,marker_2_y,marker_2_z,marker_2_stable,marker_3_x,marker_3_y,marker_3_z,marker_3_stable,marker_4_x,marker_4_y,marker_4_z,marker_4_stable
0.0,start,472.805,498.918,561.31,0.0,0.674,-0.07253510929615914,-0.0974475303932631,0.5042342069416749,1,0.006225524491733812,-0.03867959354137404,0.519446359294527,1,0.07914517392726945,0.00030657157303360435,0.49693551192050184,1,0.15746908656091593,0.008374165442896849,0.5023822622932741,1,0.2414942818157878,-0.015082408695905361,0.502038216105305,1
13.296537,grid_0001_y400_z450,479.336,403.021,451.718,145.77137933764632,2.164,-0.18272578581448096,0.025446011801067998,0.5056946336362976,1,-0.08028464713325263,0.06130210878148503,0.5066234345695645,1,0.02029060776671321,0.06763683388225877,0.49997955632476404,1,0.12159410262902892,0.04169112512413938,0.4916261027025272,1,0.2314009259185764,-0.01234497582026371,0.49344836027224065,1
14.653259,grid_0002_y415_z450,480.521,412.964,450.294,140.61358052478428,0.674,-0.1748151024552439,0.027173688011017483,0.5099565725966212,1,-0.07031330338868287,0.06137847113835131,0.49472751969160544,1,0.025816187918605137,0.06747642500702399,0.49245559146912443,1,0.12593667644745168,0.04189421248811143,0.4959157912399727,1,0.2324564153129729,-0.012267709209269872,0.4942259555031899,1
17.724537,grid_0003_y430_z450,480.291,428.161,449.695,132.36503114493644,2.271,-0.15688863981772397,0.028409604799969762,0.5073128154467496,1,-0.05922623808662943,0.06334090073887358,0.5043111369870955,1,0.034021705665544036,0.0683858375366652,0.494743646677724,1,0.129510956198413,0.04188464652018526,0.49335795975588836,1,0.23217250912888063,-0.012414423292728021,0.49205687401479353,1
21.32436,grid_0004_y445_z450,480.754,442.668,450.112,124.86890848005352,2.627,-0.1414022699006923,0.028420918451651678,0.5066139135004273,1,-0.04607415061472054,0.061604863758039356,0.49405447119454254,1,0.042410920906087536,0.06701366352081269,0.4905081337004931,1,0.13398152658910736,0.04138159414083281,0.49081549388339535,1,0.232826242656576,-0.012432331586461447,0.4914554060441363,1
26.27689,grid_0005_y460_z450,480.658,457.576,449.659,119.31796333327178,4.071,-0.12519751561713957,0.029407341708578092,0.5073890681014191,1,-0.03303371361142136,0.06141681731458218,0.4923592076127126,1,0.05206855761973053,0.06751335810989544,0.4976100911221783,1,0.13910516335816034,0.04059390926734385,0.49193468670874857,1,0.23290653666964586,-0.012625162922115539,0.4896208457363249,1
27.850402,grid_0006_y475_z450,480.646,472.675,449.77,114.85359345706163,0.612,-0.10800174745327588,0.029207356892545958,0.5025517759349568,1,-0.020958848770039267,0.06177077591481448,0.49607115089231546,1,0.06011380618176124,0.0665325498932602,0.49358534708075297,1,0.14430317520887015,0.04022580180032661,0.4930242439266807,1,0.23534460763293377,-0.012699724158320923,0.4927110281094312,1
31.083836,grid_0007_y490_z450,480.387,488.002,449.602,112.49588012011814,2.241,-0.0889412131366632,0.029581049815909838,0.4923398210276262,1,-0.007976192177792203,0.06182602356561195,0.4967957600745085,1,0.068728990298326,0.06584212588340273,0.49117887712479863,1,0.14848935514950626,0.03942350672100404,0.4911044111715778,1,0.23802322853801094,-0.012929618356601684,0.4966195375521317,1
36.165115,grid_0008_y505_z450,480.747,502.624,449.822,111.83194509620222,4.01,-0.07360532254546465,0.02964183449523441,0.4951962815613726,1,0.004860519920483068,0.060513019781770705,0.4906515919272502,1,0.07721290500212931,0.0645386483592319,0.48891287365632724,1,0.15318208607398662,0.03884458877948166,0.491556651641142,1,0.24108461202923137,-0.013057472668492344,0.5015005482248953,1
37.940013,grid_0009_y520_z450,480.917,517.684,449.277,113.88309966364626,0.664,-0.05775534042248931,0.030505251486159863,0.49354489277738844,1,0.01729394378109993,0.06119898876693198,0.493276600142415,1,0.0843975688635187,0.06360233614067665,0.48408625568903924,1,0.15773912461138104,0.0383825075977616,0.4917036487627051,1,0.2402834465173623,-0.013090947998384015,0.49779364256768166,1
40.326275,grid_0010_y535_z450,480.955,532.441,449.833,116.69333981851742,1.223,-0.04088368515340423,0.0299767978328434,0.4911696684958886,1,0.03066116239890848,0.060213787961531595,0.49444015390440393,1,0.09347383962951439,0.06220075973557721,0.4843229970321919,1,0.16211972469087735,0.037164506474328694,0.4890437730375465,1,0.23739692615054775,-0.013239315677810231,0.4899453676277761,1
45.88326,grid_0011_y550_z450,480.825,547.746,448.972,122.75308642962909,4.365,-0.02367654398582639,0.030832667519727283,0.47898369248568606,1,0.044092893738432164,0.05989725131913457,0.4896276448547101,1,0.10484079205676101,0.06300697706645737,0.4942467674192749,1,0.16437048748053262,0.03584412117289132,0.48051755384681777,1,0.23885464330882988,-0.013393486394415842,0.4906923843968905,1
49.277485,grid_0012_y550_z465,480.741,549.117,461.811,111.72721556541177,2.372,-0.022186785638174587,0.01680210606908168,0.49376656238397926,1,0.04617752212251133,0.04906891958582696,0.49559470429036434,1,0.10636124018576844,0.05568637049062023,0.49609189859901087,1,0.16733961626157057,0.032476519774395925,0.4865770086558612,1,0.23885464330882988,-0.013393486394415842,0.4906923843968905,1
51.70378,grid_0013_y535_z465,480.112,537.742,464.127,104.90581830384806,1.505,-0.034337537103415756,0.014037487754742927,0.49450928371466424,1,0.03630595948045031,0.04736789571248384,0.4985156710946936,1,0.09799071741830088,0.0540125725529331,0.4884703613257126,1,0.16433855442210848,0.0324206787280126,0.4881812080117323,1,0.24305217073339502,-0.013750815144819467,0.5004539725927829,1
55.914829,grid_0014_y520_z465,479.766,522.83,463.828,100.61301898362854,3.019,-0.05077319115466585,0.014279891842920014,0.4932944000973039,1,0.022764168726205288,0.04784251645233248,0.49413059569330176,1,0.0888721547606387,0.054764730269066586,0.4873146729233566,1,0.15946138271965704,0.03380444870246426,0.4903170309602251,1,0.23650565573797863,-0.013164778326158916,0.489472877864973,1
57.776322,grid_0015_y505_z465,479.702,507.93,464.329,97.64271152523361,0.74,-0.06863031979535437,0.013603234606680005,0.5057148305713208,1,0.009749765017853967,0.04842119661177962,0.500416035095092,1,0.08072248186273223,0.055930427140147815,0.49142143976230196,1,0.1567054813301272,0.03459331980107856,0.49587600531364645,1,0.23649736225666296,-0.013192864162345221,0.49116181426395605,1
61.075438,grid_0016_y490_z465,480.174,492.872,464.226,97.55080385624707,2.288,-0.08552852149918817,0.01360042756366969,0.5054833029363508,1,-0.0033996732671133997,0.04849192200490071,0.49498021799472913,1,0.07154951520925489,0.05633545083444117,0.4874113237988161,1,0.14868199684416938,0.034658256905153256,0.4861595948859199,1,0.2403810077712469,-0.013105615941867392,0.5012105037054785,1
62.894525,grid_0017_y475_z465,480.208,477.484,464.455,99.47417649822488,0.787,-0.10204532466613059,0.012447224584183132,0.5042259193772031,1,-0.016678361013910594,0.049209890434360005,0.5008452800904529,1,0.06381469160124713,0.058001173349097955,0.4978668630561311,1,0.14429085212004775,0.03531105983894318,0.48712668227383515,1,0.2398940505257727,-0.013047462057174596,0.5016731681212888,1
67.597878,grid_0018_y460_z465,480.421,462.602,464.018,104.12775122895911,3.761,-0.1197593169183863,0.012690429074433525,0.5077519129571441,1,-0.02899908779974772,0.04929645309057671,0.49635601988452627,1,0.05475363843478192,0.05867055583627497,0.49617738176651355,1,0.13898628341486927,0.03602646221170353,0.4858473093260362,1,0.2392876495018761,-0.013090880611237865,0.5027704095470117,1
69.480618,grid_0019_y445_z465,480.337,447.595,464.465,109.86234740801778,0.902,-0.1352647685335101,0.012220284189228409,0.5048456968875182,1,-0.04197212606073935,0.04967364564640927,0.49733364263845,1,0.0461735629426265,0.060007976014505325,0.4987042245702167,1,0.13615550262137785,0.03729137727461121,0.49270255615171327,1,0.23934520932108994,-0.013161665200258391,0.5042342964924309,1
97.360203,grid_0020_y430_z465,480.219,432.768,464.28,117.66737354084182,26.99,-0.15360675932070902,0.01216424195499718,0.5146315213699447,1,-0.05481775523683175,0.05058931763403917,0.5053378385838408,1,0.037749275648802594,0.059881766670213575,0.4985534846960271,1,0.1303630174178522,0.03717317261236026,0.4888338759820998,1,0.23991766709940213,-0.013236423235675832,0.507911948599868,1
102.010014,grid_0021_y415_z465,480.53,417.674,464.401,126.69497796676865,3.807,-0.16776037768962862,0.011062976637387388,0.5054096840914853,1,-0.06835348904427167,0.05104260998274113,0.5087430546016742,1,0.028576362368242066,0.06046777955174978,0.49910323339049883,1,0.1265223079196,0.03824167928925453,0.49232941567984617,1,0.23159853805721442,-0.012561044921216747,0.4920379221379267,1
112.398081,grid_0022_y400_z465,480.748,402.444,464.824,136.67432868318755,9.526,-0.1901468579758229,0.010776015105346336,0.5228245674413636,1,-0.07897981745105327,0.04929078126257585,0.4972724948239078,1,0.020261713265572193,0.05910022921009391,0.48995462549146906,1,0.12087904951901003,0.03757933061302389,0.4862855438531828,1,0.22714880848500021,-0.01225246119811557,0.48350451727366445,1
114.737263,grid_0023_y400_z480,479.142,401.752,478.338,127.9286594512738,0.897,-0.1839938886084164,-0.004618521663856686,0.5057028743314859,1,-0.07985748895254711,0.037578667173247905,0.49911897409496264,1,0.01995691550542146,0.052251805640933235,0.49961316654116383,1,0.12220265114281677,0.034614951578836144,0.493306781858867,1,0.23869737871167487,-0.013246295827929314,0.5083648419802954,1
116.174581,grid_0024_y415_z480,480.35,412.837,480.242,118.48580594315924,0.676,-0.17264661634581113,-0.006747615083049015,0.5068935033036907,1,-0.07019362581990203,0.03569167390106314,0.49950851022937676,1,0.026547935888487594,0.051166731867674405,0.4999473429390116,1,0.12607732286758364,0.033852990980872515,0.49423660102381306,1,0.23656920163237938,-0.013089888134329151,0.5031953797898162,1
118.375643,grid_0025_y430_z480,480.301,428.134,480.336,107.81165682800719,1.411,-0.1573921739926152,-0.006367712150730765,0.5097842283314467,1,-0.05763173639684351,0.035686161546567265,0.5012836178101896,1,0.035986969371779705,0.050894775350205125,0.5009253073255295,1,0.13062999311280474,0.03297827721262342,0.49074381392811106,1,0.23765423483637202,-0.01311432542675967,0.503132423496874,1
120.66055,grid_0026_y445_z480,480.725,442.748,479.952,99.18124552555282,1.453,-0.14013186678873601,-0.005888343095147392,0.5059368791985127,1,-0.044928660732941994,0.035314381687725695,0.4952302432238418,1,0.04470621263254463,0.049798693693239186,0.4987767144731981,1,0.13489770469474027,0.032189210426770955,0.4893765930709868,1,0.2375212192773016,-0.013108866035497333,0.5008817012581236,1
136.352839,grid_0027_y460_z480,480.719,457.674,479.759,91.7293002971242,14.802,-0.12057618486474996,-0.004766773867118013,0.49263170840138043,1,-0.03219766652783471,0.03604997164906982,0.49478180632644236,1,0.05323831358188357,0.05002820303598051,0.49649654567425694,1,0.1389042858585828,0.032086649099809794,0.48793493764789325,1,0.23996655343834042,-0.0131245475960406,0.5043023320963275,1
141.463941,grid_0028_y475_z480,480.79,472.739,479.963,85.82793644845476,4.179,-0.10802722105699818,-0.0051006753604100185,0.5071811696817213,1,-0.020460917367234353,0.034772790179313756,0.49266552664653124,1,0.0610887561628272,0.0496520158399242,0.499120688407339,1,0.14360012779942014,0.03200506217239844,0.4901357817513541,1,0.24076364884975013,-0.01311013171105183,0.5036994989193301,1
154.034696,grid_0029_y490_z480,480.387,487.881,479.494,82.90452309132468,11.518,-0.09121958273512447,-0.0045724257589884005,0.5081451774197042,1,-0.006696313155115481,0.03433901067812222,0.48554320577466664,1,0.07079307247742823,0.04869694488687221,0.4951395675459073,1,0.15223442327114492,0.03157009925297744,0.5004007238616456,1,0.23905336835218768,-0.013086303320881891,0.49843119923290935,1
157.279435,grid_0030_y505_z480,481.001,502.508,479.437,82.360492015286,2.183,-0.07250686154936062,-0.0038920299927832085,0.49630068361295754,1,0.005165930692218429,0.034907266296990036,0.495052028091654,1,0.07705101844627642,0.046597866796338934,0.48446826217338496,1,0.1525607945935281,0.030166610530620183,0.48673553847444206,1,0.23343357517984994,-0.013119716042139185,0.48508706381748756,1
160.17642,grid_0031_y520_z480,481.029,517.584,479.75,84.07191761819156,1.786,-0.05568999342375816,-0.004402249844176344,0.49309692131766764,1,0.018397052108220954,0.033270808913570704,0.48896722522580954,1,0.08781228695176475,0.046301425475658076,0.49332470922371585,1,0.15878585523111907,0.02966597064801997,0.49093472491063395,1,0.23693647556390074,-0.013150208135974763,0.49059256223351816,1
165.15331,grid_0032_y535_z480,481.004,532.463,479.088,89.1793020268716,3.886,-0.03922404479402361,-0.003090427871131935,0.4915330272374168,1,0.03186466772445384,0.03342742357989081,0.4871807856546077,1,0.09685578222914788,0.045931003719232644,0.4932745998668196,1,0.16360360513797137,0.028857404365274716,0.487960918568962,1,0.23784747538126863,-0.013727793386564208,0.48949337332470555,1
167.25575,grid_0033_y550_z480,480.972,547.533,479.4,95.60003249999444,0.9,-0.022861693977280276,-0.0032485518398865996,0.4840025509786316,1,0.04460732207139243,0.03243670584146703,0.4874538158094226,1,0.10488325654805246,0.04386669556357323,0.488714198635905,1,0.16872728750713703,0.027083601389899653,0.4873328668998203,1,0.23900848410831319,-0.013687442013964811,0.4901453159704107,1
170.195506,grid_0034_y550_z495,480.599,549.552,491.687,86.44021356405821,1.958,-0.020109885155896682,-0.017353006266735357,0.4915249762389653,1,0.04791647865252923,0.022064634432848878,0.4962898143582917,1,0.10604521234891806,0.03677058098437321,0.48864993394971146,1,0.169973665553153,0.024077704135368482,0.48919848907632707,1,0.24071816712681826,-0.013895490422707124,0.4936614358378488,1
173.005414,grid_0035_y535_z495,479.928,537.685,494.259,77.77823615253811,1.869,-0.03245236540091192,-0.020427947159324725,0.4904655076044158,1,0.03667254769185061,0.019847232669740252,0.48844879088043114,1,0.1000435586472334,0.03639683015755238,0.49258480505959584,1,0.1691449755395934,0.0245024301174728,0.4982481184732306,1,0.23839745677658053,-0.013740000614349929,0.49031324294840456,1
178.786487,grid_0036_y520_z495,480.017,522.607,494.241,71.49428247069827,4.648,-0.05051151019932896,-0.02143741294921123,0.5060646957877961,1,0.02377313520708418,0.02054751792640321,0.49512904650098366,1,0.09006498059225228,0.036869283623283955,0.4864912949703916,1,0.16264236094010523,0.024880499650645423,0.49454845948951714,1,0.23807194977957022,-0.013764026103086626,0.49097222220575887,1
187.292879,grid_0037_y505_z495,480.147,507.974,494.275,68.04121783889524,7.456,-0.06770950601458858,-0.021564514994648315,0.5085218008111237,1,0.010937599438569064,0.021059485420690097,0.49051932850860797,1,0.08307823581959793,0.038145831169516226,0.49506483842764565,1,0.15720695871334314,0.02610420552343887,0.4936078195844997,1,0.23601736948726418,-0.013713646074004706,0.48867617657608875,1
193.591173,grid_0038_y490_z495,479.829,492.804,494.478,67.47765404932208,5.227,-0.08469201106350692,-0.021568668165508235,0.5082198955036579,1,-0.0019144821452656573,0.021706192337620996,0.4967866431012861,1,0.07270708612879474,0.037987787305576524,0.4837222462344368,1,0.15040219922015305,0.0262218882601201,0.48767383109104995,1,0.2301384449953812,-0.01309259689929227,0.47799802116857976,1
196.981674,grid_0039_y475_z495,480.136,477.768,494.159,70.78363413953818,2.389,-0.10110522279861368,-0.02145728841697021,0.505335681192239,1,-0.015346819641388322,0.022735029643356525,0.5053788747565044,1,0.06379496794774879,0.039881177119032184,0.4901611021040781,1,0.14550205615356862,0.02725855078012297,0.4903947283062056,1,0.2267147947294862,-0.013007691161307282,0.4743300566614153,1
200.328288,grid_0040_y460_z495,480.293,462.352,494.507,76.52309003823613,2.406,-0.11752845114909911,-0.021892268698894213,0.501390384592985,1,-0.028604732040263262,0.023008554203290413,0.5068038508403259,1,0.0553102431708359,0.040583157347015134,0.4906076859593788,1,0.14212600627987285,0.02799998576390873,0.49230777973578915,1,0.23438700906080967,-0.013145773069885637,0.49134524747392355,1
205.106036,grid_0041_y445_z495,480.417,447.743,494.068,84.84285316395246,3.897,-0.13068374278709366,-0.02126163803672709,0.4921523149243805,1,-0.04061802617484141,0.023311853912679485,0.4994329401065123,1,0.046289330148282265,0.04111952112767169,0.48832288858291095,1,0.13593912027469232,0.02825142623990506,0.4896177924036711,1,0.23116528501196296,-0.013033157952393936,0.4865157402289065,1
212.47802,grid_0042_y430_z495,480.517,432.509,494.685,94.38496093128391,6.49,-0.15132735985403065,-0.022903918680761873,0.5066118543006413,1,-0.05404837270142151,0.023411858183936332,0.5029687900796594,1,0.03911933696128664,0.043326729436544024,0.5117365268860783,1,0.13269732341766619,0.029252068815570437,0.49493426193804285,1,0.23699212923865245,-0.01302698753020015,0.5010944392194793,1
221.434853,grid_0043_y415_z495,480.599,417.702,494.56,105.41512031962016,8.135,-0.16627939418551899,-0.02278729252753991,0.5030722894634071,1,-0.06573652545362371,0.02327638599258033,0.4955188780458479,1,0.031030460937330164,0.04340857668704199,0.5118774012508981,1,0.12856814306410771,0.02929950847961717,0.49413522581547836,1,0.2298830963415153,-0.013033786253001353,0.48662272351258234,1
225.122947,grid_0044_y400_z495,480.787,402.311,494.536,117.70892850162215,2.825,-0.18453978948817515,-0.023477798115657676,0.5089933410211777,1,-0.0792656235220982,0.023628576236481753,0.5030455406944109,1,0.020936770939030614,0.042229796858836814,0.49280058492684436,1,0.12051355866811875,0.02904582780042368,0.481158733137586,1,0.23862718782400558,-0.013236521502127523,0.5079907092299064,1
228.302282,grid_0045_y400_z510,479.272,401.986,507.566,111.02275554587898,1.857,-0.18726800837971877,-0.038505665908600446,0.5172997038224024,1,-0.08115251641927552,0.012829802677652186,0.512962530396384,1,0.02088803586798177,0.0353742485982641,0.4969515700693254,1,0.12213803883646925,0.02618254971797904,0.49040106716535,1,0.23862718782400558,-0.013236521502127523,0.5079907092299064,1
241.911661,grid_0046_y415_z510,480.617,412.665,510.272,100.52604039252712,12.889,-0.17301651867014525,-0.04120416757345337,0.5102403414105156,1,-0.07205436980144138,0.01014845803110099,0.5172368928451975,1,0.02693290190289227,0.03346546989442457,0.49441665936954776,1,0.12613349451942935,0.025451353553526134,0.4914143039938807,1,0.2326845623015037,-0.013190954025298166,0.4935146240034327,1
244.032652,grid_0047_y430_z510,480.303,428.134,510.14,87.66392393681676,1.338,-0.1544885732596582,-0.040200568062038256,0.5027618047113686,1,-0.05710773308725395,0.009859610002102235,0.5008196464527085,1,0.03710604903684061,0.03378762623475571,0.5066750063355925,1,0.1310505342618185,0.024832878118923873,0.4909360320993912,1,0.23502853159263223,-0.01321586936339634,0.49656750741229505,1
246.560877,grid_0048_y445_z510,480.65,442.698,509.864,76.6088985758182,1.735,-0.1387895145682859,-0.03960439934375328,0.5029284443182348,1,-0.04372617547658316,0.009540820138562464,0.4914952072373156,1,0.044430471042585296,0.0327258697139143,0.491414172865351,1,0.1360232322451147,0.024587810090042503,0.49201124947288655,1,0.2302480825266713,-0.013028182163303688,0.4845440766754346,1
259.032825,grid_0049_y460_z510,480.595,457.895,510.044,66.11938736104561,11.57,-0.122465907648319,-0.04005041908592335,0.5040957669281313,1,-0.03149502906316767,0.009041457334203496,0.4961464058387615,1,0.052856986176047734,0.031715198621458746,0.4889179847515275,1,0.14016987922486324,0.023755894800206043,0.4899948491080886,1,0.23271875211538673,-0.013269331510962904,0.4883923638276764,1
261.982654,grid_0050_y475_z510,480.721,472.692,509.725,58.407862116328076,2.069,-0.10618403563371702,-0.03962331316561874,0.5041938503324116,1,-0.018885022914678896,0.008950481747936785,0.4961140822299049,1,0.06161641569204499,0.03117971778519514,0.4902679297212673,1,0.1445502472109581,0.02323781602484468,0.4880567777931803,1,0.22798883573989656,-0.013060631823598843,0.4765829048475219,1
266.796003,grid_0051_y490_z510,480.907,487.669,509.543,53.59108782251013,3.833,-0.0890291142047271,-0.038641567897695,0.5006783771973695,1,-0.0059977342076586275,0.008453218061768537,0.5003739482070931,1,0.07079424202566652,0.03079880634755436,0.49039322802028495,1,0.1513443475410188,0.023005288026751797,0.49431129890083114,1,0.23396680072014217,-0.013623693652625503,0.4873008725822557,1
272.201082,grid_0052_y505_z510,480.788,502.759,509.566,52.496886631494604,4.301,-0.0708545596789616,-0.038110126490416674,0.49131815885769475,1,0.007176970287048592,0.00800935993697942,0.4871978138373619,1,0.07947116961323542,0.02957769546695094,0.48629951727125764,1,0.15757432421959716,0.02232083766894867,0.49721648777781896,1,0.2387523950952104,-0.013987706817080357,0.49566585941243185,1
286.516939,grid_0053_y520_z510,481.075,517.706,509.236,55.973952156337816,13.243,-0.05596410343615308,-0.03856914950972957,0.5086578685202067,1,0.01997466691801945,0.007505350812498612,0.4821425969765776,1,0.0887385213801869,0.029120116922015698,0.48926543123159144,1,0.15902119492205044,0.02091670355463326,0.48568041222167685,1,0.2437923352492013,-0.01445098113612884,0.5029260742461453,1
292.051211,grid_0054_y535_z510,481.0,532.393,509.577,62.16137819418096,4.452,-0.03881981324009869,-0.03836962338856377,0.4985694708448869,1,0.032425341872568104,0.006656302905982265,0.4814904951177801,1,0.09695401399757797,0.02749298527253653,0.48628231969940705,1,0.1673127973821259,0.020284520504934914,0.4946904753358901,1,0.2455758044007168,-0.01449073978447407,0.5056553473533171,1
296.063165,grid_0055_y550_z510,481.15,547.413,509.286,71.60936130143875,2.851,-0.02199925319929434,-0.03857758005166153,0.5091740975124099,1,0.046212784554300744,0.006407719864156299,0.4864994482520211,1,0.10385605698227322,0.02596207139714495,0.47693135192328046,1,0.1704876950312437,0.01871603420880445,0.48733697586033503,1,0.24757348840442792,-0.014546055799851526,0.5072369508831213,1
307.467822,grid_0056_y550_z525,480.238,549.819,522.223,64.60615186652115,10.553,-0.019390337696591212,-0.05428951929819035,0.5091038404785926,1,0.04875409606946198,-0.00478981576576595,0.48842748826734433,1,0.109118152175321,0.019040617378645996,0.4932013695930156,1,0.17364976117243233,0.015548299870667368,0.4936387990788844,1,0.23674096759177124,-0.014252175779922773,0.4851469040278982,1
309.974801,grid_0057_y535_z525,480.158,537.896,524.093,54.39169221489616,1.565,-0.03064809237977942,-0.05300258596942654,0.47964299776972025,1,0.0400218157844789,-0.006392802251063146,0.5072130998230945,1,0.10071511657852456,0.01880491311911403,0.48854335479769934,1,0.16660253369862815,0.015667208979924217,0.4854523933723509,1,0.2397560957196179,-0.014459961171541637,0.49240205968285916,1
312.627457,grid_0058_y520_z525,479.835,522.773,524.364,44.53637660385041,1.482,-0.047763730834868005,-0.054637285582858235,0.4880990442163387,1,0.0252799085302492,-0.005945682951004794,0.49070489869010075,1,0.0942621394106621,0.0200129574538099,0.4981644150067075,1,0.16527913173317924,0.01676899815775099,0.4977397485403401,1,0.2462994591877358,-0.014550061882885717,0.5073486151663643,1
323.499822,grid_0059_y505_z525,480.06,507.896,524.188,38.875215664996595,9.83,-0.06429821638014606,-0.05443496321911096,0.48928183201602654,1,0.012593923740126347,-0.005256992924271712,0.5078518719065533,1,0.0839101724575836,0.020790917882381143,0.49029138374380854,1,0.15627912390127668,0.017399825086365645,0.4866410095317064,1,0.24507612323803976,-0.014552559598629765,0.5075667944756931,1
329.07648,grid_0060_y490_z525,480.148,492.833,524.537,37.98947752996866,4.576,-0.08340988381695318,-0.05688922795203479,0.5080298289627666,1,-0.00024476100117981,-0.005023583813141132,0.4849452387006659,1,0.0763161786588323,0.02181021600233682,0.4991863304410879,1,0.1536644431278866,0.018279288778367712,0.4946257001313484,1,0.244714160846892,-0.01458796137541024,0.5088429482409208,1
330.575127,grid_0061_y475_z525,480.139,477.607,524.483,43.176083726989404,0.506,-0.09930005255045936,-0.05663814696760241,0.5049340171058334,1,-0.012651969369425425,-0.004503851142320366,0.48323647417960247,1,0.06611477957829663,0.022316712234313776,0.48899482197651656,1,0.14916089459272763,0.018822663096750538,0.49424114041226797,1,0.24355372176562964,-0.014552116032183203,0.5076290318894029,1
338.676356,grid_0062_y460_z525,480.346,462.608,524.039,52.577658962719106,7.191,-0.11595800683700237,-0.05558871391691992,0.5015296821129464,1,-0.02682599377678632,-0.0037358811848891608,0.500419060404112,1,0.056490216172083746,0.023258590373494214,0.48934634897781953,1,0.14268496250089782,0.019870815765237426,0.4905723296515941,1,0.24038782183269314,-0.014325584974783529,0.5035847725697219,1
342.385732,grid_0063_y445_z525,480.303,447.746,524.789,63.313324261169534,2.826,-0.13587904250344093,-0.05827897276395949,0.5161306255742879,1,-0.03944115861352857,-0.0034737526046831574,0.502496167819127,1,0.04848677181760944,0.024091109613143865,0.49605822204426353,1,0.13672399413320188,0.019832496765857143,0.4866499668899143,1,0.23443741589774314,-0.013783821105947747,0.4925608183391457,1
345.034387,grid_0064_y430_z525,480.331,432.807,524.343,76.11743614967597,1.818,-0.1506576132213855,-0.057238436609032876,0.5109546547954674,1,-0.05232874302730204,-0.0034433509278339234,0.5057963214640139,1,0.03989004162029857,0.023698320868746976,0.49288576553366553,1,0.13214533317385876,0.019965164612306154,0.4859519625326309,1,0.2348695806125494,-0.013867005024637988,0.49527664961798795,1
347.245848,grid_0065_y415_z525,480.564,417.68,524.782,89.4097841905459,1.399,-0.16394016096999342,-0.05672761356833545,0.4985206711521579,1,-0.06518300506660472,-0.003264879304593751,0.49988598644116466,1,0.03087558348927401,0.024627730834227826,0.4952676751026121,1,0.1272852470079303,0.020743318348736706,0.4863956584100917,1,0.23164065833129158,-0.013483752358600684,0.49038110511014427,1
351.524204,grid_0066_y400_z525,480.848,402.451,524.953,103.40407819327048,3.438,-0.17966783174818055,-0.05663198664206537,0.49709157779778157,1,-0.07863582461054307,-0.0028970270487828492,0.5028543706692875,1,0.021325054762069057,0.025038928803726417,0.49270710107545984,1,0.123258479052845,0.021227270087437942,0.49124432740432605,1,0.2340893174735629,-0.0137168311179097,0.497456630447297,1
358.142278,grid_0067_y400_z540,479.408,401.834,538.261,100.00079532683728,5.447,-0.18695404150478626,-0.07448881066162107,0.5195447205567637,1,-0.07892828160610961,-0.014428329703421781,0.5083766403706774,1,0.021433311363940655,0.018126525260253514,0.5013522828001181,1,0.12281444793729694,0.018089819720379405,0.49136172178544,1,0.23277250918600068,-0.013859612252905914,0.4949563540727933,1
371.026314,grid_0068_y415_z540,480.731,412.741,539.636,89.21355884057088,12.152,-0.1697688443205747,-0.07396622482772686,0.501836980850571,1,-0.06935962771733727,-0.0157407307963064,0.5052381387469845,1,0.02874683721810219,0.016776193485832997,0.5006419016984262,1,0.12701252051969147,0.017122676954144458,0.48990614000677857,1,0.23674958966132756,-0.014209946561359767,0.5016013603725874,1
374.368509,grid_0069_y430_z540,480.406,427.936,539.914,74.52521949648992,2.519,-0.1523295696355676,-0.07344027357013168,0.4987265303308526,1,-0.05648574273811798,-0.016566194557841567,0.5061023551022771,1,0.0372378790416611,0.01580546621172711,0.5001053151968172,1,0.1324297497284117,0.016796100643840198,0.49343126113625946,1,0.2319184241873705,-0.013734101222867353,0.48960510573087995,1
381.249585,grid_0070_y445_z540,480.594,442.964,539.776,60.458512990314276,6.08,-0.1375931077284062,-0.07413300369799829,0.5053284401678759,1,-0.043566503546796746,-0.016917432619286698,0.5072060546329614,1,0.0461148261301769,0.015380901757325571,0.4947136813382835,1,0.13574033613630168,0.016224813264164063,0.48780052741153296,1,0.23410402648091141,-0.013843848575243012,0.4922651684227395,1
389.161991,grid_0071_y460_z540,480.522,457.675,539.968,47.0746014534377,7.102,-0.120179439025203,-0.0734698218544776,0.49953815097569315,1,-0.030223356911846716,-0.0176894594120909,0.5029890162506798,1,0.05490247100812929,0.014387062702954973,0.4920648334435551,1,0.14043454421320964,0.015587224748008685,0.4863363858478417,1,0.23932973575568584,-0.014211344973118156,0.5015018549085788,1
392.981091,grid_0072_y475_z540,480.801,472.824,539.67,34.829907435995274,2.835,-0.10466545962010158,-0.07414576216370407,0.5050085331779685,1,-0.017028229006888402,-0.017676637802486624,0.5020767531040807,1,0.06404949388649443,0.014039160432687462,0.49271335985983256,1,0.14637128091116944,0.01511590314270352,0.48994194748305975,1,0.23917398623718936,-0.014452118164695828,0.49900729178808584,1
397.150483,grid_0073_y490_z540,480.609,487.766,539.881,25.386444433988746,3.247,-0.0876042923346473,-0.07356434807713423,0.501105874003841,1,-0.0042914447937114535,-0.017955572705677224,0.48877911275339575,1,0.07264609743682969,0.013230140452333053,0.49107975149070443,1,0.15223546372297528,0.014501014203481264,0.49325987231013785,1,0.24279567983712733,-0.014544844500146939,0.5054611372427861,1
402.509824,grid_0074_y505_z540,480.437,503.126,539.351,23.625248548957057,4.378,-0.07166593432577102,-0.07390592553839877,0.5080792022881219,1,0.00915443260827757,-0.018335528398883097,0.49707505345580016,1,0.08109534877083985,0.01246737804385613,0.48871632146500793,1,0.15545494263154436,0.01350302342745865,0.48812543077693404,1,0.24349686814777935,-0.01444970500818571,0.504606841404966,1
405.479977,grid_0075_y520_z540,480.867,517.355,539.271,29.843530856787037,1.959,-0.054197457307834464,-0.07268499554628721,0.4978414024783359,1,0.021013802064677307,-0.018405105753710238,0.4861917854746191,1,0.09025531698106565,0.011822307660725248,0.49353549799363455,1,0.1613992721789668,0.012943539598540324,0.49060031828481737,1,0.23382100940964468,-0.014339854256135045,0.48156755349623087,1
408.376467,grid_0076_y535_z540,481.018,532.608,539.357,41.041487278118886,1.786,-0.037694405314672476,-0.07391924975449261,0.5086422159837499,1,0.03441373661726788,-0.019206977422705076,0.4903407173421628,1,0.09864851270156695,0.01094359922451269,0.49112989817956,1,0.16436323031164143,0.012053501065610712,0.48441572041618713,1,0.2401175724002017,-0.014515907612036265,0.4926269582269646,1
411.431416,grid_0077_y550_z540,480.898,547.985,539.016,54.49852818196103,1.893,-0.019278558743920985,-0.07050255839530342,0.4870393284972592,1,0.04801158106510778,-0.019499569167334384,0.4914263472321927,1,0.10788584421789844,0.009892357941937137,0.4916420572336582,1,0.17301048369836222,0.011348567890240831,0.4949178488108183,1,0.24099221433590712,-0.014476172599762189,0.491765402231986,1
413.661806,grid_0078_y550_z555,480.006,550.11,552.361,52.4648440958324,1.439,-0.0170938636394809,-0.08749321600594377,0.4997982648908583,1,0.05111469700478924,-0.03122578602489769,0.4963118966607442,1,0.10850862529075705,0.002582483231354992,0.48770051301706124,1,0.17095663461161584,0.00820060311655663,0.4860754830043523,1,0.2456110631489332,-0.015070322765715379,0.5014898496636399,1
420.861063,grid_0079_y535_z555,480.275,537.747,553.928,40.22419750597884,6.207,-0.03044173835407075,-0.08814035305972495,0.49075716659096374,1,0.03970544434288248,-0.03233969458638084,0.4941734284337039,1,0.10080820489866459,0.002437650067573303,0.4846745281311302,1,0.1689820587633495,0.008325712787961207,0.4919198105572007,1,0.24051329657796502,-0.015069450377283605,0.492431424825303,1
425.001791,grid_0080_y520_z555,479.9,522.867,554.258,25.95427382917881,3.04,-0.048254871124032095,-0.09105536072058022,0.5054686215648703,1,0.0267162119647008,-0.03210256807735167,0.4919830900006537,1,0.09276030189854291,0.0028443589256299077,0.4851165738480672,1,0.1653460403773935,0.008678173179959382,0.4938992645277837,1,0.2379804782648727,-0.01481977456056305,0.49009474495412153,1
426.98172,grid_0081_y505_z555,479.837,507.981,554.432,13.375121569540914,0.947,-0.06479421525913666,-0.09106437103973747,0.5051985880163783,1,0.013745726228031495,-0.031333580143866994,0.4893265258528656,1,0.08510004138864381,0.004078728042140227,0.49122038835771814,1,0.15802014503334388,0.009557874417218094,0.48695968821487723,1,0.24174643536111176,-0.014956184401090172,0.4996119028043247,1
430.260727,grid_0082_y490_z555,480.312,492.726,554.161,12.074937432550124,2.268,-0.08063367776074615,-0.08942844213775131,0.495913583478961,1,0.0011442221083976189,-0.030653775440267664,0.488627020945606,1,0.07598644382871884,0.004588167392202287,0.48881116958724186,1,0.15498167557586104,0.010173782646501376,0.493654028105422,1,0.24021614810011307,-0.014902424071681726,0.49863882292889916,1
436.712437,grid_0083_y475_z555,480.14,477.536,554.738,23.54109880613049,5.509,-0.10081101839749236,-0.09304054237942526,0.514410367957297,1,-0.012758255258191914,-0.03184345090067119,0.5113044409655906,1,0.06740057209574606,0.004940652919123594,0.49232655540821413,1,0.14923839133550262,0.010895320056121476,0.4939465901007076,1,0.23651112393455198,-0.014512400632013202,0.49285802918160543,1
440.991445,grid_0084_y460_z555,480.582,462.583,554.077,37.85538591799055,3.338,-0.11731462357583483,-0.09223360922841405,0.5131719638699654,1,-0.02470585857432026,-0.029685994716950576,0.49756647578023366,1,0.05853950761621549,0.006466997457232474,0.491317115760429,1,0.1439209957848189,0.011617483353452397,0.4907608156351191,1,0.23515837441288615,-0.014431306544426398,0.4917224045955398,1
447.843333,grid_0085_y445_z555,480.23,447.759,554.883,52.09299602633734,6.011,-0.13347468647840494,-0.09295272575326446,0.5128283683821693,1,-0.03699626992741464,-0.029870134309712183,0.4924543338484693,1,0.04996506601859307,0.006256874900003502,0.4946239489632382,1,0.14017014530193975,0.011792691642154214,0.4954398702019917,1,0.23486987828274133,-0.014510814705900826,0.49260854038286395,1
450.091692,grid_0086_y430_z555,480.524,432.772,554.367,66.95581771586396,1.407,-0.15142008922126052,-0.09297513707851209,0.517077792595365,1,-0.05187457255407659,-0.02984872166519001,0.5108344513805286,1,0.04045591975467893,0.00709975238347519,0.4884744575186864,1,0.1329808949294502,0.01205872310545691,0.48790540893457757,1,0.2273626207435692,-0.013751240560786764,0.4792081643149388,1
452.665645,grid_0087_y415_z555,480.584,417.652,555.246,81.86237043355148,1.782,-0.16826312937478838,-0.0941975054127619,0.5161443429256122,1,-0.06405338776057212,-0.02987662574980188,0.5041196782821135,1,0.03174367527458895,0.007213986475926905,0.49527973462689534,1,0.12844502969064606,0.01267656612816693,0.4884103664208135,1,0.2297500972951555,-0.014041567110296577,0.4849728246973741,1
455.692636,grid_0088_y400_z555,480.862,402.482,554.332,97.0232437563288,2.186,-0.19137680578015634,-0.09607160681018762,0.5334847646005901,1,-0.07816300844723124,-0.028807101029878948,0.50925752592717,1,0.022491559462797486,0.008430093772971792,0.49280972039330245,1,0.1234903834603865,0.01341918165479627,0.488901821519796,1,0.2273586468875576,-0.013776616738894845,0.48224435516728176,1
457.563092,grid_0089_y400_z570,479.543,401.525,568.175,97.86687548910513,0.798,-0.18261821054790128,-0.10715847256425677,0.5088810598304764,1,-0.07912831890323507,-0.04120372870018408,0.513980214062219,1,0.022589937468467224,0.0008589746716824156,0.49639162474204546,1,0.12491513644092513,0.010107725025764491,0.4949040383354375,1,0.22980903592640622,-0.014224382076510169,0.4880487102685061,1
459.770376,grid_0090_y415_z570,480.415,412.952,569.949,86.73348590365778,1.505,-0.16932931394380088,-0.10844679508971655,0.5059988333146659,1,-0.06952395692892714,-0.042925233882091594,0.5128868679806939,1,0.028854385124832547,1.6404138149986748e-05,0.498024731491139,1,0.12779018461941716,0.009617847859750202,0.49270421708286555,1,0.23285535226258022,-0.014423006327333017,0.49278606438727257,1
463.496693,grid_0091_y430_z570,480.457,427.837,570.292,72.05371599716425,2.944,-0.15489173049110003,-0.11005903653799276,0.5103242085061258,1,-0.05542265513687902,-0.042697087523244755,0.5031784717582763,1,0.03765292235818546,-0.0007701262866940443,0.4959138330184864,1,0.13299770644205136,0.008932443155289438,0.4946230364970967,1,0.2329518599991114,-0.01458008418893122,0.4918578303581484,1
471.019321,grid_0092_y445_z570,480.416,443.037,569.663,57.01215739647118,6.711,-0.13611551996155552,-0.10791528435257954,0.503998325988961,1,-0.04191790167632182,-0.0432010240208154,0.507363650762413,1,0.04755252688939234,-0.0015849659779539089,0.49547310984039067,1,0.13747669685758498,0.008138929736803753,0.4906372532161603,1,0.23646289804462836,-0.014917208225651095,0.4964831440051847,1
487.627595,grid_0093_y460_z570,480.801,457.783,569.744,42.74525233286149,15.787,-0.12612305601968885,-0.11317120527682763,0.527814230002059,1,-0.029576796291070625,-0.044763398887780526,0.5127722482439532,1,0.05582857704382597,-0.0022780141176435187,0.4929503369537341,1,0.14039069516283467,0.007465883270257123,0.4840799641361054,1,0.23370109509583092,-0.014710353218041547,0.489156809919997,1
497.516622,grid_0094_y475_z570,480.888,472.821,569.584,28.545531594279314,9.007,-0.10840716201255761,-0.11315433748200797,0.5281692614609107,1,-0.015424665274415736,-0.04342876597367636,0.494810956526926,1,0.06501022067605328,-0.0029423130923882444,0.489655259238692,1,0.15037264231317965,0.007166590133690848,0.5008032978233997,1,0.2413814654490634,-0.015048594880061496,0.5034062807647333,1
502.469449,grid_0095_y490_z570,480.846,487.717,570.083,16.342754082467277,4.02,-0.0860767022211391,-0.1079751906980664,0.4982601987866486,1,-0.0030449081473394673,-0.04515024945117082,0.4980250684205287,1,0.07312861875105116,-0.004008691948049312,0.48697388693353,1,0.15225607721462633,0.0061781149579040705,0.49063207839027023,1,0.24069358832460985,-0.01502821514268346,0.500171059915535,1
508.162994,grid_0096_y505_z570,480.974,502.956,569.288,12.111419776392891,4.762,-0.0701288808991724,-0.10728566322073801,0.5014028509212168,1,0.010235605763348284,-0.04397954092063922,0.4943667528504441,1,0.08189664953542307,-0.003785435425771193,0.4834739225702041,1,0.1572671849177662,0.006075323476016939,0.48908762380989074,1,0.2413991743031211,-0.014988000288628562,0.4987169980585629,1
513.178485,grid_0097_y520_z570,480.634,517.587,569.523,21.846697027239628,4.043,-0.053750968401125344,-0.10857241736393868,0.5078401557957761,1,0.023112373187837473,-0.04519200126832868,0.4956433195119767,1,0.09003254408608853,-0.0049048871442063,0.48397324707603273,1,0.1602161829140167,0.004957699926392282,0.48291943934905035,1,0.238551749060414,-0.015023323700512228,0.4911572106945088,1
515.131671,grid_0098_y535_z570,481.245,532.534,569.658,35.65050013674423,0.731,-0.03609719110328936,-0.10753671342122155,0.4976795805279505,1,0.03580623479032412,-0.0449738329846557,0.48821725379688213,1,0.1015291767336599,-0.005942135187642216,0.4962165145446476,1,0.16726480296561386,0.004756193206087223,0.49019172398299055,1,0.24137171844893146,-0.015155813582284544,0.4950810162182849,1
517.574915,grid_0099_y550_z570,481.171,547.402,569.007,49.79891586169325,1.381,-0.0193896808718623,-0.10702816799875174,0.5007584086915775,1,0.04986134387577077,-0.04527082084079483,0.4962820154672953,1,0.11006039856020222,-0.00632214348492605,0.4948837060972577,1,0.1735600227143829,0.004152640218418327,0.4927545176500156,1,0.24281289803880943,-0.01512889971270484,0.49558344160124496,1
519.828463,grid_0100_y550_z585,480.276,550.141,582.153,55.803603996516195,1.332,-0.01587673183283565,-0.12202051011170058,0.4991835636455794,1,0.05241916907156463,-0.056721137955510294,0.4959051699926306,1,0.1106110665089632,-0.012994532554253065,0.48865069109135106,1,0.17691836040983613,0.001174842990753536,0.4987698251194252,1,0.23943357647110075,-0.015108840548724788,0.4882383879672039,1
528.98422,grid_0101_y535_z585,480.395,537.674,584.188,45.64031682624474,8.145,-0.03040718820220525,-0.1282523770650949,0.5134171741902592,1,0.041180179794221346,-0.05772617325594461,0.4877735799980311,1,0.1041480008419053,-0.013948973900181754,0.4920996050175616,1,0.16586504961600723,0.0005987711529503531,0.4786516444514392,1,0.23411809186905594,-0.014997731168214316,0.47888812371461437,1
1153.17896,grid_0102_y520_z585,480.648,520.96,584.363,32.84514000579091,2.947,-0.04979068069788794,-0.1282269619596955,0.5140922786818622,1,0.02663404173519175,-0.05776225074415411,0.4934972757545369,1,0.09414119357720335,-0.013122661139025667,0.4932104147192518,1,0.16160942928370456,0.0012982048261847596,0.48274406150819044,1,0.23463099155941625,-0.015032816999098754,0.4820285800737576,1
637.764144,grid_0103_y505_z585,479.883,508.062,584.728,26.117303536161614,6.642,-0.060910849052991,-0.12094406515210748,0.4832030975381178,1,0.015457653717905981,-0.057972718291116145,0.49467773364692974,1,0.08639624465129293,-0.012860436724192202,0.49332113193367894,1,0.15611759525337066,0.001835871315386342,0.4797895468022046,1,0.23692699939184905,-0.015009048351256072,0.48945735182099254,1
639.814853,grid_0104_y490_z585,480.474,492.693,584.13,24.865972452329355,0.947,-0.08113374042931847,-0.12588254519889316,0.506678729463767,1,0.0028429289827294198,-0.056877281699445746,0.4949014783385935,1,0.07802085083037828,-0.011718867649849923,0.49071742362992127,1,0.15715118948478338,0.0024682272435528015,0.49757577267083447,1,0.2377071576099364,-0.015096824142867706,0.49275540451548344,1
644.857549,grid_0105_y475_z585,480.249,477.617,584.623,32.44444029413983,4.101,-0.098885827322633,-0.12768198119164917,0.5125957212517344,1,-0.010402425883922818,-0.05681951497332382,0.49723320382124453,1,0.0691400474562563,-0.011475649762826388,0.49393085559154404,1,0.14830775365463608,0.0028732449208738807,0.4876909809258998,1,0.23889376301714463,-0.015053898415677397,0.49789749896723984,1
651.893822,grid_0106_y460_z585,480.43,462.814,584.242,43.4455528794375,6.136,-0.12033243892805122,-0.13200696658486552,0.5320899241036107,1,-0.023289177808281103,-0.05535228182095031,0.4907744676149428,1,0.05924336878235395,-0.010459510368758232,0.4898946872052788,1,0.14232571569956845,0.003627950997170651,0.4842292823861463,1,0.23797578148326418,-0.014932024585905061,0.4969252807389554,1
667.773977,grid_0107_y445_z585,480.154,448.006,584.629,56.47844992561328,14.988,-0.1298378864846281,-0.12493197703245427,0.5031975790699229,1,-0.03767356010829375,-0.05847850437102022,0.5175899558794513,1,0.05024254184074012,-0.010487504460998422,0.48666059995446537,1,0.14068489373972165,0.0038614531401469313,0.4946634870676792,1,0.23993972523609017,-0.01503809134298024,0.5031485658508484,1
674.077128,grid_0108_y430_z585,480.618,432.699,584.583,70.6231651726259,5.461,-0.14700961003817573,-0.1252099462716545,0.5049460762974657,1,-0.04918556792616837,-0.055503548359833545,0.49679937036576,1,0.041096188310999725,-0.009731196709413881,0.48185005474089343,1,0.1327078038597311,0.004383291067636591,0.48299509674740143,1,0.2396257165140018,-0.015064431632740946,0.5036459980765917,1
675.835483,grid_0109_y415_z585,480.507,417.644,585.012,85.00922705212652,0.966,-0.16471222519410322,-0.12674588956572785,0.5077474049406304,1,-0.06456782766729878,-0.05757401382076787,0.5165802023867057,1,0.03324791485268044,-0.009623869239678614,0.4971101393112825,1,0.12755315293314642,0.004751310584447722,0.4827885066812451,1,0.23495387746441512,-0.0149024763790235,0.496043917783426,1
680.361951,grid_0110_y400_z585,480.863,402.728,584.731,99.32769354515388,3.694,-0.17879593580662576,-0.12476452235638939,0.5027823028129599,1,-0.0773749252095018,-0.056591602351315044,0.5140178408043045,1,0.02379906994872627,-0.009077948393666114,0.48966067119865614,1,0.12371743461139874,0.005005678104429993,0.4857605240928104,1,0.23585258665298023,-0.014973749388410664,0.5002824809732836,1
683.914252,grid_0111_y400_z600,479.617,401.386,597.953,104.41074569698274,2.622,-0.18010797738528514,-0.13998423790631584,0.505681355436222,1,-0.07825131929324484,-0.06817533977740377,0.5154886940185147,1,0.023415553044152434,-0.016599534805774033,0.49362822000870893,1,0.12600148818183055,0.0016376905514881362,0.4962690471119968,1,0.2340496708486449,-0.014909309563905413,0.4967763227976045,1
686.67578,grid_0112_y415_z600,480.545,412.901,599.849,94.57318018339029,2.06,-0.16887077293357197,-0.14315981063380434,0.5079156161769359,1,-0.06623943446736247,-0.06917523555187972,0.5080403111081643,1,0.03147470663211438,-0.018021835727309855,0.5033370927221111,1,0.12967424065124614,0.0009846581669738143,0.49309164320817156,1,0.23329921847275967,-0.015007843881760172,0.4929787005689663,1
702.702201,grid_0113_y430_z600,480.484,427.959,599.935,81.15440435983743,15.244,-0.14879252514243874,-0.13989901311267453,0.49510327433613427,1,-0.0549770987180157,-0.07070684986575604,0.5160208223086005,1,0.039127419055515776,-0.01783624588322589,0.49479304457198453,1,0.13260398015386762,0.0009448741946555445,0.4871784047957626,1,0.2350174761096422,-0.01514869217990404,0.49472985381460877,1
705.357748,grid_0114_y445_z600,480.812,442.691,599.664,68.5318677258982,1.834,-0.13612090405782562,-0.14300003901603586,0.5061318533151161,1,-0.040618284394291104,-0.0692357933695348,0.5010411528016099,1,0.04756039625573,-0.0180020523578404,0.4917562496007157,1,0.13890293305911272,0.0005593779613628278,0.49263750431348646,1,0.2344509414759379,-0.01493678526472504,0.4921106888255659,1
706.949922,grid_0115_y460_z600,480.533,457.897,599.934,56.870535437957706,0.732,-0.11954847570366516,-0.14387372893573114,0.5083206339914564,1,-0.027027507973590496,-0.06992202403463792,0.49936283635257944,1,0.057708374280702586,-0.01987872141661157,0.49546654728714495,1,0.1429790002145743,-0.0005587962991263718,0.4908215072209699,1,0.23143785443372447,-0.015029082006052985,0.4838241854772054,1
712.809449,grid_0116_y475_z600,480.971,472.741,599.412,46.94338386823012,4.977,-0.10191604041007095,-0.14148807350150985,0.5016847730069076,1,-0.014329043633059894,-0.06929934592400133,0.4956978436516226,1,0.06635855257274982,-0.019319733056542537,0.4928074825034849,1,0.14838268588676334,-0.0006096987207774248,0.4907417145938009,1,0.23335116661782587,-0.01508719238051464,0.48607421117458705,1
718.30849,grid_0117_y490_z600,480.661,487.999,599.68,40.6595400490463,4.566,-0.08617614941301771,-0.14431928406891337,0.5092383840524984,1,-0.0010336506734393057,-0.07018958641479107,0.4987789252445329,1,0.07517046840349312,-0.01954162527106189,0.4904398767466434,1,0.15408626520235413,-0.0007937886296409288,0.4929321021044603,1,0.2331574095374304,-0.015022193012538654,0.4838203320445837,1
721.994934,grid_0118_y505_z600,480.966,502.692,599.274,39.014231928874416,2.744,-0.06975416935369937,-0.14411467666456404,0.5090157887627784,1,0.01197959714401331,-0.07085046601688852,0.49849253988938663,1,0.08533414973066021,-0.02074138206653825,0.4981060694358173,1,0.15987869762250292,-0.0016467277400242515,0.4941472591690376,1,0.23297402043444768,-0.015045916167240646,0.4812099524337208,1
724.8145,grid_0119_y520_z600,481.148,517.808,599.678,43.57225232874706,1.779,-0.05224452373656094,-0.14339648555289197,0.5050237486684264,1,0.0249553248546201,-0.07044562411072154,0.49421483587422327,1,0.09457954786115165,-0.021267481643570063,0.4989860949530501,1,0.16556158424776987,-0.0019769114087952893,0.4959598098064459,1,0.23541970422804356,-0.015230057876800089,0.48384383508926815,1
729.713034,grid_0120_y535_z600,480.933,532.946,599.438,51.74662841190723,3.837,-0.035470636353259116,-0.14525252616531617,0.5117883059637703,1,0.038068470767214306,-0.07170278819422357,0.4958725858775966,1,0.1021937310506133,-0.022503468704494975,0.49307121100540097,1,0.17035591935828212,-0.003033657259623504,0.49600137318906157,1,0.23504630631498039,-0.01505827537266352,0.48140181123294495,1
733.580601,grid_0121_y550_z600,481.041,547.782,599.327,62.45650071049456,2.798,-0.017535500710641885,-0.14215632514167678,0.501221150955102,1,0.05119425942436081,-0.07176447210915536,0.49405687375318474,1,0.11200144096553692,-0.023097551845328763,0.49645081270030195,1,0.17648488143350458,-0.003323366308384869,0.49767367057541084,1,0.2362915689556682,-0.015059403485835078,0.4813665026059059,1
736.482561,grid_0122_y550_z615,480.442,550.3,612.224,72.736985701911,1.931,-0.014862357002463073,-0.1627932349996231,0.5186402814463607,1,0.053739032284226655,-0.08280705904184144,0.4940113664679317,1,0.11375761867698848,-0.03018365638109532,0.5003300192080672,1,0.17540265765805266,-0.00637797267383889,0.4942374166483634,1,0.23907640347614592,-0.015566764385447554,0.4886082684543071,1
738.288124,grid_0123_y535_z615,480.034,538.183,614.054,66.15079895209128,0.774,-0.027311355503139123,-0.159422470187048,0.5017911937866589,1,0.04395081551731638,-0.0837766871453442,0.49223850793722884,1,0.10638413276213136,-0.030141648832602296,0.4940511871368798,1,0.17171388158429404,-0.006421040163341451,0.49259540736997365,1,0.24274490378398128,-0.015849597122293665,0.4967805850182491,1
741.212279,grid_0124_y520_z615,480.086,522.54,614.881,58.99884648024909,1.831,-0.045680286800184454,-0.15982170077929717,0.5006644037881267,1,0.029832806810827617,-0.08398967666936019,0.4920655288215401,1,0.09731147074852459,-0.030721277163778375,0.4978355908340654,1,0.16756756761521271,-0.006212055533911283,0.49671749690331796,1,0.24167730737805715,-0.015849927564020292,0.4968162855414226,1
745.192621,grid_0125_y505_z615,480.179,507.868,614.452,54.39255960147495,2.938,-0.06200939171937961,-0.1583922800379998,0.49821888816419935,1,0.01693027107885327,-0.0834497034179184,0.49430204835194697,1,0.08877159461256122,-0.029646701670761003,0.501329030357335,1,0.1630120848470419,-0.005663471065070427,0.4993004149940161,1,0.23844267591523435,-0.01568632137314138,0.492151766879704,1
770.704083,grid_0126_y490_z615,480.469,492.673,614.282,53.886637536591664,24.5,-0.07673102254530588,-0.15464683164230705,0.48809310856448523,1,0.0040018294560409525,-0.08285957583981664,0.4953593724514685,1,0.07641585500365436,-0.02769503097591167,0.4775807515484192,1,0.1549659491123435,-0.0051064846596971655,0.4885810418832866,1,0.24047437322432721,-0.015614230955599799,0.49803808579298464,1
775.802305,grid_0127_y475_z615,480.247,477.692,614.908,58.126345524211374,4.033,-0.09674689662731711,-0.16161923276265444,0.5088163698299435,1,-0.008451554065088329,-0.08394149562300074,0.5034530587955596,1,0.07121530645989427,-0.02822509089499366,0.49700417308644695,1,0.1522043655752141,-0.004530151833428546,0.49472476620014794,1,0.2356161339268802,-0.015591223405932296,0.48951388868679496,1
777.781122,grid_0128_y460_z615,480.369,462.832,614.31,64.56325186977497,0.997,-0.1143095563499711,-0.16146315626658406,0.5104093897906435,1,-0.021793222792247765,-0.08135625859355584,0.492270219045097,1,0.0596192910890385,-0.02689784792246402,0.48470500907075875,1,0.14482257452475822,-0.004312181496167526,0.49064774279194245,1,0.23391630462957225,-0.01547462466203795,0.48869681205051435,1
1164.995228,grid_0129_y445_z615,480.615,450.824,614.496,72.13029552136885,5.098,-0.1270957048589099,-0.16100570896019126,0.50845345178693,1,-0.0335254231595243,-0.08521137287172986,0.5174870314787078,1,0.05440647527112911,-0.027427843986700156,0.499661002384038,1,0.14044485640674353,-0.004126115458738131,0.48824338856286814,1,0.23745151411083024,-0.015583975140868284,0.49717559603307837,1
887.984816,grid_0130_y430_z615,480.77,432.568,614.61,85.47896656488079,8.388,-0.14495187621360373,-0.15832372012082954,0.5004952185190682,1,-0.04923641752160221,-0.08499773901770026,0.5167503917145323,1,0.04352697253449752,-0.026966502113110885,0.49673445498231955,1,0.13572854738215498,-0.003319044195863235,0.49006883784254357,1,0.22849465455361992,-0.015031048614156842,0.4806852476697759,1
894.406646,grid_0131_y415_z615,480.614,417.502,615.213,97.95447384371988,5.59,-0.16177977116274886,-0.15921491296158743,0.5019107100065446,1,-0.061048189617498506,-0.0816125662029794,0.4992677124102392,1,0.03331636896638816,-0.026420771230436544,0.48978387233718346,1,0.1321795809575394,-0.0032395509898212574,0.49755763385797075,1,0.22908164822642296,-0.015251514572131981,0.48327828044294,1
902.503351,grid_0132_y400_z615,480.901,402.696,614.911,110.4413224341324,7.192,-0.18419285308787128,-0.1649012158174548,0.520520662682351,1,-0.07654572281474253,-0.08408347113192734,0.5198392238963471,1,0.024858593670374237,-0.02580982766772823,0.4939096548199702,1,0.12404817626285732,-0.0029415458111835455,0.4843300610251207,1,0.22757461412440552,-0.015051636504411603,0.4816149198670557,1
910.196748,grid_0133_y400_z630,479.854,401.066,627.944,118.59507688348621,6.731,-0.18539601896701122,-0.17996052960268935,0.5210415240029663,1,-0.07602245005645583,-0.09353520007723977,0.5076682681199319,1,0.024136718897134774,-0.033268262428683325,0.49612893814856457,1,0.12420134753307084,-0.006000963442793349,0.48686873035785155,1,0.2344423772415336,-0.01555397959872037,0.49632158298028556,1
916.319509,grid_0134_y415_z630,480.597,412.903,629.762,110.20422765484089,5.411,-0.16534191902215878,-0.17508739658864958,0.5006906410877071,1,-0.06597600296014301,-0.09663119547720067,0.5132050069766471,1,0.032039152361252106,-0.03496174450420448,0.4973320747323406,1,0.1300666855745405,-0.00731416795882973,0.4921870925316047,1,0.23207755439315056,-0.015596445240070063,0.4893589790181235,1
918.429405,grid_0135_y430_z630,480.437,428.049,629.699,98.78116169594284,1.289,-0.1482665212924207,-0.17444413219290963,0.49806032355006047,1,-0.051910223103346594,-0.09567113430620494,0.5060451761328456,1,0.04075472070604585,-0.035211893022042355,0.49857416962392503,1,0.13348803347992974,-0.006943691067113327,0.4879041039341607,1,0.2355242732641926,-0.01559102618161219,0.49587442300264134,1
922.653514,grid_0136_y445_z630,480.818,442.897,629.49,88.60628087218203,3.373,-0.1327433687692516,-0.17446242935839332,0.4982373273006648,1,-0.03894903537691424,-0.09569489132507784,0.5034591851487148,1,0.050669437173820046,-0.03574042025418094,0.5017173827334813,1,0.13858101655464408,-0.007428724809921129,0.48938533690993574,1,0.23164468714526,-0.015540417077903296,0.4862961687895342,1
924.478073,grid_0137_y460_z630,480.613,457.889,629.562,80.01674330413609,0.954,-0.11722122425496685,-0.17612099237213175,0.5017001756758676,1,-0.025418684555385537,-0.09420148491929131,0.4939075022877262,1,0.05853099790452479,-0.035212126592749984,0.4904829679472822,1,0.14417960099713045,-0.007741641088444968,0.4914582753303644,1,0.23690554490387716,-0.01579003178009995,0.49534409732824214,1
926.580416,grid_0138_y475_z630,480.876,473.047,629.562,73.43558528397529,1.159,-0.10148057326323479,-0.17818029524985216,0.5070483607560914,1,-0.012755627641520023,-0.09619548283751232,0.5008559454077043,1,0.06782029390506339,-0.03611207911694115,0.4957283708523191,1,0.14864078212596893,-0.008039069023205265,0.4902428789731874,1,0.2366785145208956,-0.01567648735398837,0.49276651505299124,1
938.596982,grid_0139_y490_z630,480.847,487.872,629.604,69.64738556471458,11.086,-0.08280902505577802,-0.17387613959853435,0.49377436219628906,1,0.00019350314365073959,-0.09476276560650303,0.49018312832529465,1,0.07731853587348234,-0.037058345702238336,0.4994339176199638,1,0.15572420000210935,-0.008983706890315047,0.49697740132939305,1,0.23127351373199453,-0.01563352456524023,0.4794943688260767,1
941.918541,grid_0140_y505_z630,480.986,502.861,629.506,68.79804085873378,2.33,-0.06846696525409604,-0.17941933048625777,0.5090933697250127,1,0.013329850690050245,-0.09645932128431983,0.49667077077795807,1,0.08579902958333219,-0.03723656158833629,0.49579291567157463,1,0.16091256129880552,-0.008989112811341385,0.49640470998510483,1,0.2357053188071053,-0.015627604692972936,0.4867542713564086,1
944.517778,grid_0141_y520_z630,481.046,517.722,629.2,70.92641677823583,1.598,-0.05139815809382748,-0.17922840738322796,0.5085356254510444,1,0.02645851232881427,-0.09589348989054579,0.4933030966983578,1,0.0956801919049421,-0.03758764609821804,0.49820627860369654,1,0.16616043384339976,-0.009320029855016473,0.4957721961523558,1,0.24234758031327341,-0.01619725401108636,0.49799978309717186,1
946.790803,grid_0142_y535_z630,481.227,532.825,629.513,76.6306984308509,1.171,-0.03379028429934202,-0.1778518829003223,0.5022109524697466,1,0.03939139778696355,-0.09664813625166624,0.49251363540452847,1,0.10282736410217141,-0.038168205829959966,0.49290077608975064,1,0.17070415556964025,-0.009614405828865304,0.495552648469767,1,0.24274490378398128,-0.015849597122293665,0.4967805850182491,1
949.906159,grid_0143_y550_z630,480.934,548.038,629.323,84.28892697145933,2.003,-0.015935216165810975,-0.1767099424936975,0.49887894000231353,1,0.0517449233871668,-0.09520749294120624,0.485918858783168,1,0.11229506198952177,-0.03824420492434946,0.4964119454454306,1,0.17287438374162686,-0.009474510212535982,0.4879431218506742,1,0.24274490378398128,-0.015849597122293665,0.4967805850182491,1
1175.313808,grid_0144_y550_z645,481.349,548.439,641.144,94.33343486272513,1.279,-0.015966567608485055,-0.1945295107511725,0.5091267444905364,1,0.05248683320093156,-0.10483691877151347,0.48497327226150033,1,0.11348843895901302,-0.044367822593297405,0.49919582401842416,1,0.17364025915452916,-0.011941023739189248,0.49013712758010936,1,0.23606912753206807,-0.015690552330639335,0.48303057335194627,1
1065.804275,grid_0145_y535_z645,480.106,537.634,644.652,92.1852603239803,13.602,-0.02775670789503668,-0.19792197407498188,0.508331009010171,1,0.04430852617324465,-0.11126978818326876,0.4992615048889915,1,0.10747328799217366,-0.046933450788725566,0.5020965738020143,1,0.17153799744475473,-0.012868728229148379,0.4948879702902403,1,0.2390938749122721,-0.01633050736764639,0.4908740291377332,1
1073.213472,grid_0146_y520_z645,480.256,522.784,644.279,86.65424581634767,6.297,-0.04269102184010109,-0.18883307202630992,0.4874879797678701,1,0.032082180616721724,-0.11158507270702868,0.5056152854298618,1,0.09818825181595318,-0.04540040540243808,0.49633672218776087,1,0.1675468999534245,-0.01259960503825311,0.49605274096324353,1,0.24243363414321475,-0.01630499456512963,0.49791856373320725,1
1075.728705,grid_0147_y505_z645,480.274,507.919,644.315,83.82502005368097,1.424,-0.059110044574824,-0.18843005309659022,0.4873999878912704,1,0.018973420091107765,-0.10951031252782972,0.4971782236560478,1,0.08839627977738496,-0.044992322622021054,0.4905400444148782,1,0.16142732817306457,-0.012888823987212602,0.49115903450340154,1,0.23277743426401712,-0.0156276622099748,0.47924052975730563,1
1088.054612,grid_0148_y490_z645,480.254,492.484,645.049,84.31550318891543,11.275,-0.0755180655017723,-0.18908307859321694,0.4876295608848114,1,0.0056638068939562705,-0.10988774688775059,0.4974577156382782,1,0.08003744480413051,-0.045536015773244766,0.49418232525167766,1,0.15723947462513607,-0.013082271074815745,0.4955603431055519,1,0.2326769680110967,-0.01569194638974258,0.48168076241609276,1
1095.267431,grid_0149_y475_z645,480.328,477.976,644.319,85.93984508945779,6.2,-0.0944146604275382,-0.19408911135401344,0.5039483263160929,1,-0.007089389148010362,-0.10937639971125081,0.5023766663569232,1,0.07213017893450173,-0.04464983662088424,0.49527213826586824,1,0.1524941549848183,-0.012132323261455448,0.49453469790465004,1,0.23247559093298376,-0.015779042047694505,0.48242803597113243,1
1115.044626,grid_0150_y460_z645,480.389,462.603,644.873,91.42795661065611,18.816,-0.11165553424113135,-0.19478968730875643,0.5051756413413196,1,-0.020696249224393216,-0.10927584109365014,0.5020255858548551,1,0.06265221414377993,-0.04458937883570637,0.4970221467157803,1,0.14749591920290966,-0.01190758322200669,0.4966685054420188,1,0.23576518691248238,-0.016228672616008796,0.49171678322822676,1
1118.555807,grid_0151_y445_z645,480.411,447.757,644.677,98.10889789412586,2.601,-0.12672854145054147,-0.19135525247616256,0.4985302306853788,1,-0.03376209926054267,-0.10917286185914216,0.503047240715457,1,0.052863272562707044,-0.04434637869008104,0.49580952109798565,1,0.14064166833460287,-0.011548763025495961,0.49130507733932705,1,0.22942179553103256,-0.01564607388120166,0.480121211051237,1
1124.30209,grid_0152_y430_z645,480.678,432.539,644.828,106.97388510286054,4.847,-0.1490146627538219,-0.19965667489819983,0.519716636066402,1,-0.047607426225275216,-0.10996868052684416,0.5079893065133221,1,0.04353860069323457,-0.043307340421003836,0.49316252014004985,1,0.13666567510372474,-0.011329771107454588,0.49279224933440563,1,0.23630285158490558,-0.015900117100084488,0.49678877310011127,1
1136.810835,grid_0153_y415_z645,480.733,417.646,644.974,116.90875101548222,11.677,-0.16060120851721746,-0.19320591615521376,0.5025916355311949,1,-0.0601443134868026,-0.10868885335999222,0.5059698626495117,1,0.0349982386462199,-0.043342852348362736,0.4951531054264511,1,0.1304359185564842,-0.011064971582207593,0.48812211795506455,1,0.2282701051305642,-0.01566230910594672,0.4808045791753157,1
1139.660757,grid_0154_y400_z645,480.573,402.697,645.548,128.12050307815687,2.057,-0.18209302537254543,-0.19932418781331976,0.5178557597750318,1,-0.07570797950103263,-0.11253749450404082,0.5227250436971342,1,0.02617016757909435,-0.04359434631451537,0.4961641923683932,1,0.12662019134686794,-0.010938090316925607,0.4932387881226154,1,0.22824601783518983,-0.015667606105630196,0.4826557648877438,1
